{
  "germline_hr": 0.5955728021642541,
  "germline_p": 1.5648998569318718e-05,
  "somatic_hr": 1.0217847568975587,
  "somatic_p": 0.8266468142910736,
  "stage_hr": null,
  "stage_p": null,
  "rmst": {
    "60": {
      "path": 46.1636696010531,
      "ben": 43.06524948282038,
      "delta": 3.098420118232724
    },
    "81": {
      "path": 58.11273064485448,
      "ben": 53.16552352516585,
      "delta": 4.947207119688628
    },
    "120": {
      "path": 74.87493100927162,
      "ben": 69.03169471102402,
      "delta": 5.843236298247604
    }
  },
  "purity": {
    "0.2": {
      "hr": 0.8059465477157111,
      "p": 0.010583786263491799,
      "n": 1827
    },
    "0.3": {
      "hr": 0.7738390151118388,
      "p": 0.003457024152029093,
      "n": 1714
    },
    "0.4": {
      "hr": 0.7033772572418904,
      "p": 0.00019821593516220138,
      "n": 1529
    },
    "0.5": {
      "hr": 0.698962965099001,
      "p": 0.0004080035770086314,
      "n": 1305
    }
  },
  "evalue_unstrat": 1.7967128951819418,
  "evalue_strat": 1.637663786061209,
  "n_patients": 1883,
  "n_events": 652,
  "seed": 42
}