{
  "germline_vs_benign": {
    "hr": 0.617450578907429,
    "ci_lo": 0.4730338404114641,
    "ci_hi": 0.8059575971594266,
    "p": 0.00038978773171257047,
    "n_exposed": 259,
    "n_ref": 1190,
    "events_exposed": 62
  },
  "somatic_vs_benign": {
    "hr": 0.9135964842779897,
    "ci_lo": 0.7609659366882998,
    "ci_hi": 1.0968408648060006,
    "p": 0.3325968115008477,
    "n_exposed": 434,
    "n_ref": 1190,
    "events_exposed": 157
  },
  "germline_vs_somatic": {
    "hr": 0.673370170946079,
    "p": 0.008452634332483297
  },
  "stage_age_adjusted": {
    "hr": 0.8616828333420467,
    "ci_lo": 0.7111523035449305,
    "ci_hi": 1.0440763554799712,
    "p": 0.12859611161872475,
    "n": 1304
  },
  "fully_adjusted": {
    "hr": 0.8894791431652548,
    "ci_lo": 0.7341022764323717,
    "ci_hi": 1.0777423957476062,
    "p": 0.23183447057480477,
    "n": 1304
  },
  "stage_adjusted": {
    "hr_unadj": 0.8980990664016177,
    "hr_adj": 0.8702984683159835,
    "delta_pct": 3.095493484590957,
    "ci_lo": 0.7182318617380506,
    "ci_hi": 1.0545611581756706,
    "p": 0.15625420156824626,
    "n": 1311,
    "events": 477,
    "hr_stage": 1.4227745367097895,
    "p_stage": 3.9208013352299786e-14
  },
  "rmst": {
    "60 months": {
      "tau": 60.0,
      "rmst_path": 46.26457933231011,
      "rmst_ben": 43.20243299120665,
      "delta": 3.062146341103464,
      "ci_lo": 0.9924753125447061,
      "ci_hi": 5.18126142012708,
      "p": 0.004
    },
    "120 months": {
      "tau": 120.0,
      "rmst_path": 76.31847184433373,
      "rmst_ben": 69.05656005042783,
      "delta": 7.261911793905895,
      "ci_lo": 1.503970723835711,
      "ci_hi": 12.168182421925676,
      "p": 0.008
    },
    "90th pctile (81 months)": {
      "tau": 81.42157346,
      "rmst_path": 58.60930852820968,
      "rmst_ben": 53.39425806294934,
      "delta": 5.21505046526034,
      "ci_lo": 1.474320281453755,
      "ci_hi": 8.495011233167215,
      "p": 0.002
    }
  },
  "purity_filter": {
    ">=0.2": {
      "threshold": 0.2,
      "n": 1827,
      "excluded": 25,
      "events": 630,
      "hr": 0.8059465477157111,
      "ci_lo": 0.6830699732664709,
      "ci_hi": 0.9509272302934014,
      "p": 0.010583786263491799
    },
    ">=0.3": {
      "threshold": 0.3,
      "n": 1714,
      "excluded": 138,
      "events": 591,
      "hr": 0.7738390151118388,
      "ci_lo": 0.6516429642885658,
      "ci_hi": 0.9189492622897151,
      "p": 0.003457024152029093
    },
    ">=0.4": {
      "threshold": 0.4,
      "n": 1529,
      "excluded": 323,
      "events": 522,
      "hr": 0.7033772572418904,
      "ci_lo": 0.5843913826774958,
      "ci_hi": 0.8465894273429988,
      "p": 0.00019821593516220138
    },
    ">=0.5": {
      "threshold": 0.5,
      "n": 1305,
      "excluded": 547,
      "events": 448,
      "hr": 0.698962965099001,
      "ci_lo": 0.5730716235084301,
      "ci_hi": 0.8525098897569138,
      "p": 0.0004080035770086314
    }
  },
  "evalue": {
    "baseline": {
      "hr": 0.8033715646402517,
      "evalue_point": 1.7967128951819418,
      "evalue_ci": 1.3052687456330003
    },
    "stratified": {
      "hr": 0.8680723043914396,
      "evalue_point": 1.5703974384639976,
      "evalue_ci": 1.0
    },
    "stage_adjusted": {
      "hr": 0.8702984683159835,
      "evalue_point": 1.562844286341918,
      "evalue_ci": 1.0
    }
  }
}