test,hr,p
Unadjusted stratified Cox,0.8443791352228219,0.05366496665548566
Age-adjusted stratified Cox,0.8437567535533054,0.05231305812323941
Schoenfeld PH test,,0.8711326193783752
Bootstrap (n=500),0.8072393152136221,
Permutation (n=500),0.803,0.002
Ridge (lam=0.001),0.8443267370747526,0.049433702025100446
Ridge (lam=0.01),0.8483939887398729,0.052609045249135435
Ridge (lam=0.1),0.8796656596569963,0.08553798777976987
Ridge (lam=0.5),0.9369311138878113,0.2180424855046958
